site,stem,gray_frac,urban
ankara,ank_0_10,0.03287,0
ankara,ank_0_16,0.01639,0
ankara,ank_0_30,0.00241,0
ankara,ank_0_41,0.01132,0
ankara,ank_10_1,0.00719,0
ankara,ank_11_14,0.00697,0
ankara,ank_12_21,0.00734,0
ankara,ank_12_28,0.00526,0
ankara,ank_12_35,0.01276,0
ankara,ank_13_12,0.00209,0
ankara,ank_13_17,0.02502,0
ankara,ank_13_21,0.00424,0
ankara,ank_13_29,0.00369,0
ankara,ank_13_34,0.01222,0
ankara,ank_13_6,0.01086,0
ankara,ank_14_33,0.02104,0
ankara,ank_14_9,0.01944,0
ankara,ank_15_22,0.00183,0
ankara,ank_15_41,0.0,0
ankara,ank_15_6,0.01268,0
ankara,ank_16_36,0.00439,0
ankara,ank_16_9,0.01741,0
ankara,ank_17_17,0.00163,0
ankara,ank_17_19,0.01086,0
ankara,ank_17_22,0.02122,0
ankara,ank_17_31,0.01291,0
ankara,ank_17_32,0.00768,0
ankara,ank_18_16,0.0,0
ankara,ank_18_27,0.01259,0
ankara,ank_18_29,0.01457,0
ankara,ank_18_37,0.17116,1
ankara,ank_18_39,0.0419,0
ankara,ank_18_7,0.02083,0
ankara,ank_19_15,0.01653,0
ankara,ank_19_33,0.00229,0
ankara,ank_19_6,0.02286,0
ankara,ank_19_9,0.01385,0
ankara,ank_1_34,0.02116,0
ankara,ank_20_10,0.00977,0
ankara,ank_20_19,0.00562,0
ankara,ank_20_37,0.20367,1
ankara,ank_20_6,0.02007,0
ankara,ank_22_10,0.01288,0
ankara,ank_22_16,0.01163,0
ankara,ank_22_37,0.01582,0
ankara,ank_23_14,0.00938,0
ankara,ank_23_28,0.23572,1
ankara,ank_24_0,0.00119,0
ankara,ank_24_12,0.00787,0
ankara,ank_24_14,0.0103,0
ankara,ank_24_3,0.0,0
ankara,ank_25_1,0.00812,0
ankara,ank_25_14,0.00198,0
ankara,ank_25_16,0.00191,0
ankara,ank_25_37,0.07883,1
ankara,ank_26_21,0.02597,0
ankara,ank_26_22,0.05072,1
ankara,ank_26_29,0.26988,1
ankara,ank_26_3,0.00542,0
ankara,ank_26_35,0.02782,0
ankara,ank_26_5,0.00668,0
ankara,ank_27_14,0.00154,0
ankara,ank_27_40,0.01721,0
ankara,ank_28_27,0.01613,0
ankara,ank_28_37,0.12007,1
ankara,ank_28_38,0.03354,0
ankara,ank_28_9,0.00606,0
ankara,ank_29_0,0.02383,0
ankara,ank_29_11,0.00023,0
ankara,ank_29_21,0.02873,0
ankara,ank_29_24,0.00443,0
ankara,ank_29_26,0.02513,0
ankara,ank_2_12,0.0,0
ankara,ank_2_23,0.00911,0
ankara,ank_30_30,0.29836,1
ankara,ank_30_7,0.01213,0
ankara,ank_31_32,0.16379,1
ankara,ank_31_7,0.00246,0
ankara,ank_32_12,0.00749,0
ankara,ank_32_21,0.0172,0
ankara,ank_32_37,0.1933,1
ankara,ank_33_25,0.15494,1
ankara,ank_33_3,0.0083,0
ankara,ank_33_34,0.23267,1
ankara,ank_33_36,0.17505,1
ankara,ank_34_11,0.00241,0
ankara,ank_34_15,0.0,0
ankara,ank_34_21,0.06125,1
ankara,ank_34_30,0.416,1
ankara,ank_35_11,0.01006,0
ankara,ank_35_28,0.31226,1
ankara,ank_35_39,0.02037,0
ankara,ank_35_7,0.02669,0
ankara,ank_36_40,0.0,0
ankara,ank_38_19,0.01218,0
ankara,ank_38_22,0.27675,1
ankara,ank_38_24,0.21738,1
ankara,ank_38_27,0.06018,1
ankara,ank_38_40,0.00662,0
ankara,ank_38_9,0.04623,0
ankara,ank_39_1,0.01332,0
ankara,ank_3_13,0.00638,0
ankara,ank_3_25,0.00206,0
ankara,ank_3_29,0.00449,0
ankara,ank_3_34,0.0,0
ankara,ank_3_39,0.03076,0
ankara,ank_3_9,0.01477,0
ankara,ank_40_19,0.08902,1
ankara,ank_40_2,0.01511,0
ankara,ank_40_40,0.01112,0
ankara,ank_41_0,0.01569,0
ankara,ank_41_1,0.02129,0
ankara,ank_41_19,0.00714,0
ankara,ank_41_40,0.00754,0
ankara,ank_4_23,0.00354,0
ankara,ank_4_41,0.00883,0
ankara,ank_5_12,0.0,0
ankara,ank_5_40,0.00343,0
ankara,ank_5_5,0.0,0
ankara,ank_6_10,0.00201,0
ankara,ank_6_38,0.0,0
ankara,ank_7_36,0.00449,0
ankara,ank_7_8,0.00145,0
ankara,ank_8_19,0.00247,0
ankara,ank_8_22,0.01062,0
ankara,ank_8_31,0.0,0
ankara,ank_8_41,0.0,0
ankara,ank_9_1,0.01364,0
ankara,ank_9_24,0.02223,0
ankara,ank_9_25,0.00816,0
eu150,30SVJ_0796_00,0.0,0
eu150,30SVJ_1711_00,0.0017,0
eu150,30TVK_0841_00,0.0005,0
eu150,30TVK_1026_00,0.01656,0
eu150,30TVK_1126_00,0.00056,0
eu150,30TVK_1289_00,0.01696,0
eu150,30TVK_1386_00,0.00322,0
eu150,30TVK_1390_00,0.0,0
eu150,30TVK_1486_00,0.10109,1
eu150,30TVK_1697_00,0.00475,0
eu150,30TVK_2306_00,0.00138,0
eu150,30TVK_2317_00,0.15469,1
eu150,30TVK_2377_00,0.26232,1
eu150,30TVK_2512_00,0.0,0
eu150,30TXP_0408_00,0.00251,0
eu150,30TXP_0411_00,0.00024,0
eu150,30TXP_0787_00,0.00083,0
eu150,30TXP_1048_00,0.0,0
eu150,30TXQ_0830_00,2e-05,0
eu150,30TXQ_0896_00,0.00351,0
eu150,30TXQ_0902_00,0.02073,0
eu150,30TXQ_0911_00,0.05219,1
eu150,30TXQ_0934_00,0.07239,1
eu150,30TYQ_1071_00,0.01229,0
eu150,30UYC_0046_00,0.29042,1
eu150,30UYC_0100_00,0.05251,1
eu150,30UYC_0245_00,0.02103,0
eu150,30UYC_0687_00,0.01665,0
eu150,30UYC_0725_00,0.02101,0
eu150,30UYD_0119_00,0.024,0
eu150,30UYD_1432_00,0.03821,0
eu150,31TCJ_0091_00,0.01708,0
eu150,31TCJ_0672_00,0.01949,0
eu150,31TCJ_1037_00,0.024,0
eu150,31TCJ_1340_00,0.01552,0
eu150,31TCJ_1353_00,0.01817,0
eu150,31TCJ_1375_00,0.00074,0
eu150,31TCM_0023_00,0.00383,0
eu150,31TCM_0853_00,0.06354,1
eu150,31TCM_1060_00,0.00645,0
eu150,31TCM_1094_00,0.02534,0
eu150,31TCM_1192_00,0.00478,0
eu150,31TCM_1717_00,0.00967,0
eu150,31TCM_1743_00,0.01254,0
eu150,31TCM_2040_00,0.00684,0
eu150,31TCN_1555_00,0.00409,0
eu150,31TCN_1803_00,0.00385,0
eu150,31TFH_0022_00,0.08074,1
eu150,31TFJ_1359_00,0.15667,1
eu150,31TGH_0053_00,0.03585,0
eu150,31TGH_0153_00,0.00836,0
eu150,31TGJ_0274_00,0.01729,0
eu150,31TGJ_0550_00,0.00375,0
eu150,31TGJ_0811_00,0.02554,0
eu150,31TGJ_0814_00,0.00186,0
eu150,31TGJ_0831_00,0.01435,0
eu150,31TGJ_1054_00,0.02933,0
eu150,31TGJ_1156_00,0.03885,0
eu150,31TGJ_1189_00,0.0405,0
eu150,31TGK_0015_00,0.00662,0
eu150,31TGK_1163_00,0.001,0
eu150,31UCQ_0211_00,0.04998,0
eu150,31UCQ_0249_00,0.03614,0
eu150,31UCQ_1476_00,0.00307,0
eu150,31UDP_0247_00,0.00194,0
eu150,31UDQ_0751_00,0.01033,0
eu150,31UDQ_1914_00,0.01302,0
eu150,31UDQ_2521_00,0.20332,1
eu150,31UFQ_0566_00,0.01522,0
eu150,31UFQ_0574_00,0.01311,0
eu150,31UFQ_1482_00,0.00627,0
eu150,31UFS_0030_00,0.04324,0
eu150,31UFS_0938_00,0.03181,0
eu150,31UFS_1028_00,0.20783,1
eu150,31UFS_1127_00,0.06145,1
eu150,31UFS_2358_00,0.04014,0
eu150,32ULA_0661_00,0.12756,1
eu150,32ULC_1573_00,0.23579,1
eu150,32UMA_0976_00,0.00466,0
eu150,32UMC_0051_00,0.03726,0
eu150,32UMC_0836_00,0.15255,1
eu150,32UMC_1241_00,0.02737,0
eu150,32UMC_1688_00,0.02206,0
eu150,32UMC_2029_00,0.0231,0
eu150,32UNE_1359_00,0.04465,0
eu150,32UNE_1364_00,0.01243,0
eu150,32UNE_2091_00,0.1136,1
eu150,32UNE_2132_00,0.1564,1
eu150,32UPA_0047_00,0.00197,0
eu150,32UPA_1016_00,0.03734,0
eu150,32UPA_1036_00,0.01606,0
eu150,32UPA_1085_00,0.01208,0
eu150,32UPA_1861_00,0.00504,0
eu150,32UPA_1883_00,0.00342,0
eu150,32UPA_1911_00,0.00478,0
eu150,32UPA_2227_00,0.03269,0
eu150,32UPB_1109_00,0.02136,0
eu150,33TVN_1850_00,0.00818,0
eu150,33TWE_1260_00,0.00884,0
eu150,33TWF_0539_00,0.0076,0
eu150,33TWF_1076_00,0.02412,0
eu150,33TWF_1157_00,0.00936,0
eu150,33TWF_1161_00,0.0058,0
eu150,33TWF_1416_00,0.00439,0
eu150,33UWS_0309_00,0.05172,1
eu150,33UWT_0062_00,0.05225,1
eu150,33UWT_0167_00,0.0195,0
eu150,33UWT_0872_00,0.03252,0
eu150,33UWT_0956_00,0.00924,0
eu150,33UWT_1630_00,0.00763,0
eu150,33UWT_2290_00,3e-05,0
eu150,33UWT_2410_00,0.05491,1
eu150,33VXG_1377_00,0.00127,0
eu150,34TCR_0072_00,0.00804,0
eu150,34TCR_0106_00,0.03125,0
eu150,34TCR_0112_00,0.00107,0
eu150,34TCR_0339_00,0.01846,0
eu150,34TCR_0343_00,0.02266,0
eu150,34TCR_0361_00,0.00227,0
eu150,34TCR_0369_00,0.14757,1
eu150,34TCR_0421_00,0.01615,0
eu150,34TCR_0769_00,0.00674,0
eu150,34TCR_0850_00,0.00085,0
eu150,34TCR_1120_00,0.00575,0
eu150,34TCR_1124_00,0.08017,1
eu150,34TCR_1129_00,0.00147,0
eu150,34TCR_1162_00,0.03575,0
eu150,34TCR_1204_00,0.00416,0
eu150,34TCR_1346_00,0.04562,0
eu150,34TCR_1412_00,0.01143,0
eu150,34TCS_0235_00,0.19075,1
eu150,34TCS_0241_00,0.00406,0
eu150,34TCT_0129_00,0.03058,0
eu150,34TCT_0362_00,0.03028,0
eu150,34TCT_0468_00,0.00444,0
eu150,34TCT_0686_00,0.03204,0
eu150,34TCT_0701_00,0.00297,0
eu150,34TCT_0757_00,0.00091,0
eu150,34TCT_0853_00,0.17658,1
eu150,34TCT_0997_00,0.00263,0
eu150,34TCT_1134_00,0.29705,1
eu150,34TCT_1281_00,0.00754,0
eu150,34TCT_1282_00,0.00126,0
eu150,34TCT_1573_00,0.01625,0
eu150,34TCT_1595_00,3e-05,0
eu150,34TCT_1673_00,0.00042,0
eu150,34TCT_1710_00,0.0033,0
eu150,34TCT_1726_00,0.00344,0
eu150,34TCT_1903_00,0.01785,0
eu150,34TCT_2072_00,2e-05,0
